4,0,2020-11-10 10:30:30+02,GOOD :),0,0,0
30,0,2020-11-10 10:30:30+02,GOOD :),0,0,0
68,0,2020-11-10 10:30:30+02,GOOD :),0,0,0
83,0,2020-11-10 10:30:30+02,GOOD :),0,0,0
67,0,2020-11-10 10:30:30+02,GOOD :),0,0,0
86,0,2020-11-10 10:30:30+02,GOOD :),0,0,0
94,0,2020-11-10 10:30:30+02,GOOD :),0,0,0
7,0,2020-11-10 10:30:30+02,GOOD :),0,0,0
52,0,2020-11-10 10:30:30+02,GOOD :),0,0,0
85,0,2020-11-10 10:30:30+02,GOOD :),0,0,0
9,1,2020-11-10 10:30:30+02,GOOD :),0,0,0
12,1,2020-11-10 10:30:30+02,GOOD :),0,0,0
43,1,2020-11-10 10:30:30+02,GOOD :),0,0,0
84,1,2020-11-10 10:30:30+02,GOOD :),0,0,0
89,1,2020-11-10 10:30:30+02,GOOD :),0,0,0
87,1,2020-11-10 10:30:30+02,GOOD :),0,0,0
27,1,2020-11-10 10:30:30+02,GOOD :),0,0,0
55,1,2020-11-10 10:30:30+02,GOOD :),0,0,0
19,1,2020-11-10 10:30:30+02,GOOD :),0,0,0
99,1,2020-11-10 10:30:30+02,GOOD :),0,0,0
38,2,2020-11-10 10:30:30+02,GOOD :),0,0,0
45,2,2020-11-10 10:30:30+02,GOOD :),0,0,0
46,2,2020-11-10 10:30:30+02,GOOD :),0,0,0
2,2,2020-11-10 10:30:30+02,GOOD :),0,0,0
65,2,2020-11-10 10:30:30+02,GOOD :),0,0,0
88,2,2020-11-10 10:30:30+02,GOOD :),0,0,0
47,2,2020-11-10 10:30:30+02,GOOD :),0,0,0
25,2,2020-11-10 10:30:30+02,GOOD :),0,0,0
27,2,2020-11-10 10:30:30+02,GOOD :),0,0,0
24,2,2020-11-10 10:30:30+02,GOOD :),0,0,0
65,3,2020-11-10 10:30:30+02,GOOD :),0,0,0
37,3,2020-11-10 10:30:30+02,GOOD :),0,0,0
47,3,2020-11-10 10:30:30+02,GOOD :),0,0,0
77,3,2020-11-10 10:30:30+02,GOOD :),0,0,0
94,3,2020-11-10 10:30:30+02,GOOD :),0,0,0
86,3,2020-11-10 10:30:30+02,GOOD :),0,0,0
4,3,2020-11-10 10:30:30+02,GOOD :),0,0,0
70,3,2020-11-10 10:30:30+02,GOOD :),0,0,0
25,3,2020-11-10 10:30:30+02,GOOD :),0,0,0
18,3,2020-11-10 10:30:30+02,GOOD :),0,0,0
11,4,2020-11-10 10:30:30+02,GOOD :),0,0,0
95,4,2020-11-10 10:30:30+02,GOOD :),0,0,0
37,4,2020-11-10 10:30:30+02,GOOD :),0,0,0
57,4,2020-11-10 10:30:30+02,GOOD :),0,0,0
49,4,2020-11-10 10:30:30+02,GOOD :),0,0,0
79,4,2020-11-10 10:30:30+02,GOOD :),0,0,0
96,4,2020-11-10 10:30:30+02,GOOD :),0,0,0
15,4,2020-11-10 10:30:30+02,GOOD :),0,0,0
63,4,2020-11-10 10:30:30+02,GOOD :),0,0,0
86,4,2020-11-10 10:30:30+02,GOOD :),0,0,0
12,5,2020-11-10 10:30:30+02,GOOD :),0,0,0
29,5,2020-11-10 10:30:30+02,GOOD :),0,0,0
11,5,2020-11-10 10:30:30+02,GOOD :),0,0,0
57,5,2020-11-10 10:30:30+02,GOOD :),0,0,0
71,5,2020-11-10 10:30:30+02,GOOD :),0,0,0
77,5,2020-11-10 10:30:30+02,GOOD :),0,0,0
93,5,2020-11-10 10:30:30+02,GOOD :),0,0,0
8,5,2020-11-10 10:30:30+02,GOOD :),0,0,0
41,5,2020-11-10 10:30:30+02,GOOD :),0,0,0
98,5,2020-11-10 10:30:30+02,GOOD :),0,0,0
57,6,2020-11-10 10:30:30+02,GOOD :),0,0,0
65,6,2020-11-10 10:30:30+02,GOOD :),0,0,0
23,6,2020-11-10 10:30:30+02,GOOD :),0,0,0
87,6,2020-11-10 10:30:30+02,GOOD :),0,0,0
74,6,2020-11-10 10:30:30+02,GOOD :),0,0,0
95,6,2020-11-10 10:30:30+02,GOOD :),0,0,0
59,6,2020-11-10 10:30:30+02,GOOD :),0,0,0
5,6,2020-11-10 10:30:30+02,GOOD :),0,0,0
28,6,2020-11-10 10:30:30+02,GOOD :),0,0,0
39,6,2020-11-10 10:30:30+02,GOOD :),0,0,0
36,7,2020-11-10 10:30:30+02,GOOD :),0,0,0
63,7,2020-11-10 10:30:30+02,GOOD :),0,0,0
33,7,2020-11-10 10:30:30+02,GOOD :),0,0,0
56,7,2020-11-10 10:30:30+02,GOOD :),0,0,0
81,7,2020-11-10 10:30:30+02,GOOD :),0,0,0
18,7,2020-11-10 10:30:30+02,GOOD :),0,0,0
40,7,2020-11-10 10:30:30+02,GOOD :),0,0,0
23,7,2020-11-10 10:30:30+02,GOOD :),0,0,0
61,7,2020-11-10 10:30:30+02,GOOD :),0,0,0
47,7,2020-11-10 10:30:30+02,GOOD :),0,0,0
3,8,2020-11-10 10:30:30+02,GOOD :),0,0,0
0,8,2020-11-10 10:30:30+02,GOOD :),0,0,0
54,8,2020-11-10 10:30:30+02,GOOD :),0,0,0
52,8,2020-11-10 10:30:30+02,GOOD :),0,0,0
25,8,2020-11-10 10:30:30+02,GOOD :),0,0,0
97,8,2020-11-10 10:30:30+02,GOOD :),0,0,0
63,8,2020-11-10 10:30:30+02,GOOD :),0,0,0
46,8,2020-11-10 10:30:30+02,GOOD :),0,0,0
39,8,2020-11-10 10:30:30+02,GOOD :),0,0,0
60,8,2020-11-10 10:30:30+02,GOOD :),0,0,0
56,9,2020-11-10 10:30:30+02,GOOD :),0,0,0
93,9,2020-11-10 10:30:30+02,GOOD :),0,0,0
8,9,2020-11-10 10:30:30+02,GOOD :),0,0,0
10,9,2020-11-10 10:30:30+02,GOOD :),0,0,0
89,9,2020-11-10 10:30:30+02,GOOD :),0,0,0
19,9,2020-11-10 10:30:30+02,GOOD :),0,0,0
76,9,2020-11-10 10:30:30+02,GOOD :),0,0,0
50,9,2020-11-10 10:30:30+02,GOOD :),0,0,0
99,9,2020-11-10 10:30:30+02,GOOD :),0,0,0
3,9,2020-11-10 10:30:30+02,GOOD :),0,0,0
39,10,2020-11-10 10:30:30+02,GOOD :),0,0,0
98,10,2020-11-10 10:30:30+02,GOOD :),0,0,0
88,10,2020-11-10 10:30:30+02,GOOD :),0,0,0
46,10,2020-11-10 10:30:30+02,GOOD :),0,0,0
7,10,2020-11-10 10:30:30+02,GOOD :),0,0,0
79,10,2020-11-10 10:30:30+02,GOOD :),0,0,0
56,10,2020-11-10 10:30:30+02,GOOD :),0,0,0
3,10,2020-11-10 10:30:30+02,GOOD :),0,0,0
13,10,2020-11-10 10:30:30+02,GOOD :),0,0,0
12,10,2020-11-10 10:30:30+02,GOOD :),0,0,0
23,11,2020-11-10 10:30:30+02,GOOD :),0,0,0
1,11,2020-11-10 10:30:30+02,GOOD :),0,0,0
45,11,2020-11-10 10:30:30+02,GOOD :),0,0,0
11,11,2020-11-10 10:30:30+02,GOOD :),0,0,0
89,11,2020-11-10 10:30:30+02,GOOD :),0,0,0
52,11,2020-11-10 10:30:30+02,GOOD :),0,0,0
34,11,2020-11-10 10:30:30+02,GOOD :),0,0,0
71,11,2020-11-10 10:30:30+02,GOOD :),0,0,0
98,11,2020-11-10 10:30:30+02,GOOD :),0,0,0
57,11,2020-11-10 10:30:30+02,GOOD :),0,0,0
69,12,2020-11-10 10:30:30+02,GOOD :),0,0,0
18,12,2020-11-10 10:30:30+02,GOOD :),0,0,0
90,12,2020-11-10 10:30:30+02,GOOD :),0,0,0
35,12,2020-11-10 10:30:30+02,GOOD :),0,0,0
86,12,2020-11-10 10:30:30+02,GOOD :),0,0,0
62,12,2020-11-10 10:30:30+02,GOOD :),0,0,0
2,12,2020-11-10 10:30:30+02,GOOD :),0,0,0
89,12,2020-11-10 10:30:30+02,GOOD :),0,0,0
41,12,2020-11-10 10:30:30+02,GOOD :),0,0,0
13,12,2020-11-10 10:30:30+02,GOOD :),0,0,0
18,13,2020-11-10 10:30:30+02,GOOD :),0,0,0
99,13,2020-11-10 10:30:30+02,GOOD :),0,0,0
8,13,2020-11-10 10:30:30+02,GOOD :),0,0,0
27,13,2020-11-10 10:30:30+02,GOOD :),0,0,0
67,13,2020-11-10 10:30:30+02,GOOD :),0,0,0
76,13,2020-11-10 10:30:30+02,GOOD :),0,0,0
24,13,2020-11-10 10:30:30+02,GOOD :),0,0,0
66,13,2020-11-10 10:30:30+02,GOOD :),0,0,0
17,13,2020-11-10 10:30:30+02,GOOD :),0,0,0
95,13,2020-11-10 10:30:30+02,GOOD :),0,0,0
38,14,2020-11-10 10:30:30+02,GOOD :),0,0,0
68,14,2020-11-10 10:30:30+02,GOOD :),0,0,0
74,14,2020-11-10 10:30:30+02,GOOD :),0,0,0
66,14,2020-11-10 10:30:30+02,GOOD :),0,0,0
72,14,2020-11-10 10:30:30+02,GOOD :),0,0,0
18,14,2020-11-10 10:30:30+02,GOOD :),0,0,0
71,14,2020-11-10 10:30:30+02,GOOD :),0,0,0
30,14,2020-11-10 10:30:30+02,GOOD :),0,0,0
48,14,2020-11-10 10:30:30+02,GOOD :),0,0,0
59,14,2020-11-10 10:30:30+02,GOOD :),0,0,0
68,15,2020-11-10 10:30:30+02,GOOD :),0,0,0
62,15,2020-11-10 10:30:30+02,GOOD :),0,0,0
31,15,2020-11-10 10:30:30+02,GOOD :),0,0,0
14,15,2020-11-10 10:30:30+02,GOOD :),0,0,0
93,15,2020-11-10 10:30:30+02,GOOD :),0,0,0
30,15,2020-11-10 10:30:30+02,GOOD :),0,0,0
81,15,2020-11-10 10:30:30+02,GOOD :),0,0,0
40,15,2020-11-10 10:30:30+02,GOOD :),0,0,0
66,15,2020-11-10 10:30:30+02,GOOD :),0,0,0
11,15,2020-11-10 10:30:30+02,GOOD :),0,0,0
11,16,2020-11-10 10:30:30+02,GOOD :),0,0,0
54,16,2020-11-10 10:30:30+02,GOOD :),0,0,0
49,16,2020-11-10 10:30:30+02,GOOD :),0,0,0
98,16,2020-11-10 10:30:30+02,GOOD :),0,0,0
31,16,2020-11-10 10:30:30+02,GOOD :),0,0,0
60,16,2020-11-10 10:30:30+02,GOOD :),0,0,0
55,16,2020-11-10 10:30:30+02,GOOD :),0,0,0
75,16,2020-11-10 10:30:30+02,GOOD :),0,0,0
6,16,2020-11-10 10:30:30+02,GOOD :),0,0,0
0,16,2020-11-10 10:30:30+02,GOOD :),0,0,0
42,17,2020-11-10 10:30:30+02,GOOD :),0,0,0
8,17,2020-11-10 10:30:30+02,GOOD :),0,0,0
38,17,2020-11-10 10:30:30+02,GOOD :),0,0,0
74,17,2020-11-10 10:30:30+02,GOOD :),0,0,0
41,17,2020-11-10 10:30:30+02,GOOD :),0,0,0
31,17,2020-11-10 10:30:30+02,GOOD :),0,0,0
82,17,2020-11-10 10:30:30+02,GOOD :),0,0,0
15,17,2020-11-10 10:30:30+02,GOOD :),0,0,0
54,17,2020-11-10 10:30:30+02,GOOD :),0,0,0
14,17,2020-11-10 10:30:30+02,GOOD :),0,0,0
96,18,2020-11-10 10:30:30+02,GOOD :),0,0,0
1,18,2020-11-10 10:30:30+02,GOOD :),0,0,0
98,18,2020-11-10 10:30:30+02,GOOD :),0,0,0
76,18,2020-11-10 10:30:30+02,GOOD :),0,0,0
10,18,2020-11-10 10:30:30+02,GOOD :),0,0,0
58,18,2020-11-10 10:30:30+02,GOOD :),0,0,0
59,18,2020-11-10 10:30:30+02,GOOD :),0,0,0
94,18,2020-11-10 10:30:30+02,GOOD :),0,0,0
82,18,2020-11-10 10:30:30+02,GOOD :),0,0,0
34,18,2020-11-10 10:30:30+02,GOOD :),0,0,0
52,19,2020-11-10 10:30:30+02,GOOD :),0,0,0
21,19,2020-11-10 10:30:30+02,GOOD :),0,0,0
69,19,2020-11-10 10:30:30+02,GOOD :),0,0,0
55,19,2020-11-10 10:30:30+02,GOOD :),0,0,0
57,19,2020-11-10 10:30:30+02,GOOD :),0,0,0
96,19,2020-11-10 10:30:30+02,GOOD :),0,0,0
56,19,2020-11-10 10:30:30+02,GOOD :),0,0,0
89,19,2020-11-10 10:30:30+02,GOOD :),0,0,0
53,19,2020-11-10 10:30:30+02,GOOD :),0,0,0
45,19,2020-11-10 10:30:30+02,GOOD :),0,0,0
79,20,2020-11-10 10:30:30+02,GOOD :),0,0,0
32,20,2020-11-10 10:30:30+02,GOOD :),0,0,0
57,20,2020-11-10 10:30:30+02,GOOD :),0,0,0
35,20,2020-11-10 10:30:30+02,GOOD :),0,0,0
83,20,2020-11-10 10:30:30+02,GOOD :),0,0,0
94,20,2020-11-10 10:30:30+02,GOOD :),0,0,0
26,20,2020-11-10 10:30:30+02,GOOD :),0,0,0
6,20,2020-11-10 10:30:30+02,GOOD :),0,0,0
17,20,2020-11-10 10:30:30+02,GOOD :),0,0,0
40,20,2020-11-10 10:30:30+02,GOOD :),0,0,0
35,21,2020-11-10 10:30:30+02,GOOD :),0,0,0
46,21,2020-11-10 10:30:30+02,GOOD :),0,0,0
86,21,2020-11-10 10:30:30+02,GOOD :),0,0,0
50,21,2020-11-10 10:30:30+02,GOOD :),0,0,0
57,21,2020-11-10 10:30:30+02,GOOD :),0,0,0
15,21,2020-11-10 10:30:30+02,GOOD :),0,0,0
66,21,2020-11-10 10:30:30+02,GOOD :),0,0,0
89,21,2020-11-10 10:30:30+02,GOOD :),0,0,0
69,21,2020-11-10 10:30:30+02,GOOD :),0,0,0
18,21,2020-11-10 10:30:30+02,GOOD :),0,0,0
1,22,2020-11-10 10:30:30+02,GOOD :),0,0,0
4,22,2020-11-10 10:30:30+02,GOOD :),0,0,0
18,22,2020-11-10 10:30:30+02,GOOD :),0,0,0
75,22,2020-11-10 10:30:30+02,GOOD :),0,0,0
68,22,2020-11-10 10:30:30+02,GOOD :),0,0,0
99,22,2020-11-10 10:30:30+02,GOOD :),0,0,0
69,22,2020-11-10 10:30:30+02,GOOD :),0,0,0
17,22,2020-11-10 10:30:30+02,GOOD :),0,0,0
30,22,2020-11-10 10:30:30+02,GOOD :),0,0,0
49,22,2020-11-10 10:30:30+02,GOOD :),0,0,0
64,23,2020-11-10 10:30:30+02,GOOD :),0,0,0
84,23,2020-11-10 10:30:30+02,GOOD :),0,0,0
48,23,2020-11-10 10:30:30+02,GOOD :),0,0,0
56,23,2020-11-10 10:30:30+02,GOOD :),0,0,0
43,23,2020-11-10 10:30:30+02,GOOD :),0,0,0
42,23,2020-11-10 10:30:30+02,GOOD :),0,0,0
9,23,2020-11-10 10:30:30+02,GOOD :),0,0,0
15,23,2020-11-10 10:30:30+02,GOOD :),0,0,0
55,23,2020-11-10 10:30:30+02,GOOD :),0,0,0
58,23,2020-11-10 10:30:30+02,GOOD :),0,0,0
61,24,2020-11-10 10:30:30+02,GOOD :),0,0,0
3,24,2020-11-10 10:30:30+02,GOOD :),0,0,0
76,24,2020-11-10 10:30:30+02,GOOD :),0,0,0
69,24,2020-11-10 10:30:30+02,GOOD :),0,0,0
79,24,2020-11-10 10:30:30+02,GOOD :),0,0,0
30,24,2020-11-10 10:30:30+02,GOOD :),0,0,0
0,24,2020-11-10 10:30:30+02,GOOD :),0,0,0
19,24,2020-11-10 10:30:30+02,GOOD :),0,0,0
44,24,2020-11-10 10:30:30+02,GOOD :),0,0,0
33,24,2020-11-10 10:30:30+02,GOOD :),0,0,0
39,25,2020-11-10 10:30:30+02,GOOD :),0,0,0
99,25,2020-11-10 10:30:30+02,GOOD :),0,0,0
97,25,2020-11-10 10:30:30+02,GOOD :),0,0,0
23,25,2020-11-10 10:30:30+02,GOOD :),0,0,0
94,25,2020-11-10 10:30:30+02,GOOD :),0,0,0
89,25,2020-11-10 10:30:30+02,GOOD :),0,0,0
53,25,2020-11-10 10:30:30+02,GOOD :),0,0,0
91,25,2020-11-10 10:30:30+02,GOOD :),0,0,0
49,25,2020-11-10 10:30:30+02,GOOD :),0,0,0
28,25,2020-11-10 10:30:30+02,GOOD :),0,0,0
33,26,2020-11-10 10:30:30+02,GOOD :),0,0,0
5,26,2020-11-10 10:30:30+02,GOOD :),0,0,0
9,26,2020-11-10 10:30:30+02,GOOD :),0,0,0
1,26,2020-11-10 10:30:30+02,GOOD :),0,0,0
42,26,2020-11-10 10:30:30+02,GOOD :),0,0,0
11,26,2020-11-10 10:30:30+02,GOOD :),0,0,0
41,26,2020-11-10 10:30:30+02,GOOD :),0,0,0
63,26,2020-11-10 10:30:30+02,GOOD :),0,0,0
77,26,2020-11-10 10:30:30+02,GOOD :),0,0,0
51,26,2020-11-10 10:30:30+02,GOOD :),0,0,0
49,27,2020-11-10 10:30:30+02,GOOD :),0,0,0
40,27,2020-11-10 10:30:30+02,GOOD :),0,0,0
7,27,2020-11-10 10:30:30+02,GOOD :),0,0,0
13,27,2020-11-10 10:30:30+02,GOOD :),0,0,0
85,27,2020-11-10 10:30:30+02,GOOD :),0,0,0
14,27,2020-11-10 10:30:30+02,GOOD :),0,0,0
54,27,2020-11-10 10:30:30+02,GOOD :),0,0,0
28,27,2020-11-10 10:30:30+02,GOOD :),0,0,0
9,27,2020-11-10 10:30:30+02,GOOD :),0,0,0
72,27,2020-11-10 10:30:30+02,GOOD :),0,0,0
16,28,2020-11-10 10:30:30+02,GOOD :),0,0,0
12,28,2020-11-10 10:30:30+02,GOOD :),0,0,0
74,28,2020-11-10 10:30:30+02,GOOD :),0,0,0
96,28,2020-11-10 10:30:30+02,GOOD :),0,0,0
97,28,2020-11-10 10:30:30+02,GOOD :),0,0,0
83,28,2020-11-10 10:30:30+02,GOOD :),0,0,0
99,28,2020-11-10 10:30:30+02,GOOD :),0,0,0
56,28,2020-11-10 10:30:30+02,GOOD :),0,0,0
5,28,2020-11-10 10:30:30+02,GOOD :),0,0,0
13,28,2020-11-10 10:30:30+02,GOOD :),0,0,0
83,29,2020-11-10 10:30:30+02,GOOD :),0,0,0
53,29,2020-11-10 10:30:30+02,GOOD :),0,0,0
85,29,2020-11-10 10:30:30+02,GOOD :),0,0,0
4,29,2020-11-10 10:30:30+02,GOOD :),0,0,0
22,29,2020-11-10 10:30:30+02,GOOD :),0,0,0
62,29,2020-11-10 10:30:30+02,GOOD :),0,0,0
68,29,2020-11-10 10:30:30+02,GOOD :),0,0,0
45,29,2020-11-10 10:30:30+02,GOOD :),0,0,0
63,29,2020-11-10 10:30:30+02,GOOD :),0,0,0
67,29,2020-11-10 10:30:30+02,GOOD :),0,0,0
54,30,2020-11-10 10:30:30+02,GOOD :),0,0,0
55,30,2020-11-10 10:30:30+02,GOOD :),0,0,0
18,30,2020-11-10 10:30:30+02,GOOD :),0,0,0
73,30,2020-11-10 10:30:30+02,GOOD :),0,0,0
90,30,2020-11-10 10:30:30+02,GOOD :),0,0,0
38,30,2020-11-10 10:30:30+02,GOOD :),0,0,0
44,30,2020-11-10 10:30:30+02,GOOD :),0,0,0
4,30,2020-11-10 10:30:30+02,GOOD :),0,0,0
75,30,2020-11-10 10:30:30+02,GOOD :),0,0,0
71,30,2020-11-10 10:30:30+02,GOOD :),0,0,0
78,31,2020-11-10 10:30:30+02,GOOD :),0,0,0
44,31,2020-11-10 10:30:30+02,GOOD :),0,0,0
13,31,2020-11-10 10:30:30+02,GOOD :),0,0,0
73,31,2020-11-10 10:30:30+02,GOOD :),0,0,0
3,31,2020-11-10 10:30:30+02,GOOD :),0,0,0
23,31,2020-11-10 10:30:30+02,GOOD :),0,0,0
97,31,2020-11-10 10:30:30+02,GOOD :),0,0,0
8,31,2020-11-10 10:30:30+02,GOOD :),0,0,0
77,31,2020-11-10 10:30:30+02,GOOD :),0,0,0
0,31,2020-11-10 10:30:30+02,GOOD :),0,0,0
1,32,2020-11-10 10:30:30+02,GOOD :),0,0,0
25,32,2020-11-10 10:30:30+02,GOOD :),0,0,0
27,32,2020-11-10 10:30:30+02,GOOD :),0,0,0
23,32,2020-11-10 10:30:30+02,GOOD :),0,0,0
37,32,2020-11-10 10:30:30+02,GOOD :),0,0,0
58,32,2020-11-10 10:30:30+02,GOOD :),0,0,0
49,32,2020-11-10 10:30:30+02,GOOD :),0,0,0
83,32,2020-11-10 10:30:30+02,GOOD :),0,0,0
7,32,2020-11-10 10:30:30+02,GOOD :),0,0,0
33,32,2020-11-10 10:30:30+02,GOOD :),0,0,0
3,33,2020-11-10 10:30:30+02,GOOD :),0,0,0
27,33,2020-11-10 10:30:30+02,GOOD :),0,0,0
51,33,2020-11-10 10:30:30+02,GOOD :),0,0,0
77,33,2020-11-10 10:30:30+02,GOOD :),0,0,0
18,33,2020-11-10 10:30:30+02,GOOD :),0,0,0
92,33,2020-11-10 10:30:30+02,GOOD :),0,0,0
50,33,2020-11-10 10:30:30+02,GOOD :),0,0,0
2,33,2020-11-10 10:30:30+02,GOOD :),0,0,0
81,33,2020-11-10 10:30:30+02,GOOD :),0,0,0
29,33,2020-11-10 10:30:30+02,GOOD :),0,0,0
13,34,2020-11-10 10:30:30+02,GOOD :),0,0,0
96,34,2020-11-10 10:30:30+02,GOOD :),0,0,0
51,34,2020-11-10 10:30:30+02,GOOD :),0,0,0
68,34,2020-11-10 10:30:30+02,GOOD :),0,0,0
37,34,2020-11-10 10:30:30+02,GOOD :),0,0,0
69,34,2020-11-10 10:30:30+02,GOOD :),0,0,0
47,34,2020-11-10 10:30:30+02,GOOD :),0,0,0
90,34,2020-11-10 10:30:30+02,GOOD :),0,0,0
16,34,2020-11-10 10:30:30+02,GOOD :),0,0,0
8,34,2020-11-10 10:30:30+02,GOOD :),0,0,0
5,35,2020-11-10 10:30:30+02,GOOD :),0,0,0
34,35,2020-11-10 10:30:30+02,GOOD :),0,0,0
14,35,2020-11-10 10:30:30+02,GOOD :),0,0,0
1,35,2020-11-10 10:30:30+02,GOOD :),0,0,0
88,35,2020-11-10 10:30:30+02,GOOD :),0,0,0
75,35,2020-11-10 10:30:30+02,GOOD :),0,0,0
99,35,2020-11-10 10:30:30+02,GOOD :),0,0,0
86,35,2020-11-10 10:30:30+02,GOOD :),0,0,0
64,35,2020-11-10 10:30:30+02,GOOD :),0,0,0
79,35,2020-11-10 10:30:30+02,GOOD :),0,0,0
83,36,2020-11-10 10:30:30+02,GOOD :),0,0,0
36,36,2020-11-10 10:30:30+02,GOOD :),0,0,0
13,36,2020-11-10 10:30:30+02,GOOD :),0,0,0
59,36,2020-11-10 10:30:30+02,GOOD :),0,0,0
80,36,2020-11-10 10:30:30+02,GOOD :),0,0,0
89,36,2020-11-10 10:30:30+02,GOOD :),0,0,0
57,36,2020-11-10 10:30:30+02,GOOD :),0,0,0
86,36,2020-11-10 10:30:30+02,GOOD :),0,0,0
90,36,2020-11-10 10:30:30+02,GOOD :),0,0,0
31,36,2020-11-10 10:30:30+02,GOOD :),0,0,0
27,37,2020-11-10 10:30:30+02,GOOD :),0,0,0
11,37,2020-11-10 10:30:30+02,GOOD :),0,0,0
83,37,2020-11-10 10:30:30+02,GOOD :),0,0,0
1,37,2020-11-10 10:30:30+02,GOOD :),0,0,0
3,37,2020-11-10 10:30:30+02,GOOD :),0,0,0
36,37,2020-11-10 10:30:30+02,GOOD :),0,0,0
97,37,2020-11-10 10:30:30+02,GOOD :),0,0,0
21,37,2020-11-10 10:30:30+02,GOOD :),0,0,0
93,37,2020-11-10 10:30:30+02,GOOD :),0,0,0
64,37,2020-11-10 10:30:30+02,GOOD :),0,0,0
15,38,2020-11-10 10:30:30+02,GOOD :),0,0,0
35,38,2020-11-10 10:30:30+02,GOOD :),0,0,0
56,38,2020-11-10 10:30:30+02,GOOD :),0,0,0
61,38,2020-11-10 10:30:30+02,GOOD :),0,0,0
28,38,2020-11-10 10:30:30+02,GOOD :),0,0,0
93,38,2020-11-10 10:30:30+02,GOOD :),0,0,0
14,38,2020-11-10 10:30:30+02,GOOD :),0,0,0
2,38,2020-11-10 10:30:30+02,GOOD :),0,0,0
51,38,2020-11-10 10:30:30+02,GOOD :),0,0,0
8,38,2020-11-10 10:30:30+02,GOOD :),0,0,0
92,39,2020-11-10 10:30:30+02,GOOD :),0,0,0
46,39,2020-11-10 10:30:30+02,GOOD :),0,0,0
10,39,2020-11-10 10:30:30+02,GOOD :),0,0,0
68,39,2020-11-10 10:30:30+02,GOOD :),0,0,0
60,39,2020-11-10 10:30:30+02,GOOD :),0,0,0
3,39,2020-11-10 10:30:30+02,GOOD :),0,0,0
73,39,2020-11-10 10:30:30+02,GOOD :),0,0,0
80,39,2020-11-10 10:30:30+02,GOOD :),0,0,0
49,39,2020-11-10 10:30:30+02,GOOD :),0,0,0
52,39,2020-11-10 10:30:30+02,GOOD :),0,0,0
28,40,2020-11-10 10:30:30+02,GOOD :),0,0,0
17,40,2020-11-10 10:30:30+02,GOOD :),0,0,0
91,40,2020-11-10 10:30:30+02,GOOD :),0,0,0
64,40,2020-11-10 10:30:30+02,GOOD :),0,0,0
86,40,2020-11-10 10:30:30+02,GOOD :),0,0,0
8,40,2020-11-10 10:30:30+02,GOOD :),0,0,0
93,40,2020-11-10 10:30:30+02,GOOD :),0,0,0
66,40,2020-11-10 10:30:30+02,GOOD :),0,0,0
65,40,2020-11-10 10:30:30+02,GOOD :),0,0,0
33,40,2020-11-10 10:30:30+02,GOOD :),0,0,0
85,41,2020-11-10 10:30:30+02,GOOD :),0,0,0
5,41,2020-11-10 10:30:30+02,GOOD :),0,0,0
18,41,2020-11-10 10:30:30+02,GOOD :),0,0,0
53,41,2020-11-10 10:30:30+02,GOOD :),0,0,0
91,41,2020-11-10 10:30:30+02,GOOD :),0,0,0
81,41,2020-11-10 10:30:30+02,GOOD :),0,0,0
62,41,2020-11-10 10:30:30+02,GOOD :),0,0,0
76,41,2020-11-10 10:30:30+02,GOOD :),0,0,0
74,41,2020-11-10 10:30:30+02,GOOD :),0,0,0
42,41,2020-11-10 10:30:30+02,GOOD :),0,0,0
83,42,2020-11-10 10:30:30+02,GOOD :),0,0,0
55,42,2020-11-10 10:30:30+02,GOOD :),0,0,0
56,42,2020-11-10 10:30:30+02,GOOD :),0,0,0
47,42,2020-11-10 10:30:30+02,GOOD :),0,0,0
68,42,2020-11-10 10:30:30+02,GOOD :),0,0,0
50,42,2020-11-10 10:30:30+02,GOOD :),0,0,0
95,42,2020-11-10 10:30:30+02,GOOD :),0,0,0
29,42,2020-11-10 10:30:30+02,GOOD :),0,0,0
45,42,2020-11-10 10:30:30+02,GOOD :),0,0,0
9,42,2020-11-10 10:30:30+02,GOOD :),0,0,0
48,43,2020-11-10 10:30:30+02,GOOD :),0,0,0
76,43,2020-11-10 10:30:30+02,GOOD :),0,0,0
46,43,2020-11-10 10:30:30+02,GOOD :),0,0,0
29,43,2020-11-10 10:30:30+02,GOOD :),0,0,0
55,43,2020-11-10 10:30:30+02,GOOD :),0,0,0
14,43,2020-11-10 10:30:30+02,GOOD :),0,0,0
21,43,2020-11-10 10:30:30+02,GOOD :),0,0,0
11,43,2020-11-10 10:30:30+02,GOOD :),0,0,0
81,43,2020-11-10 10:30:30+02,GOOD :),0,0,0
92,43,2020-11-10 10:30:30+02,GOOD :),0,0,0
94,44,2020-11-10 10:30:30+02,GOOD :),0,0,0
73,44,2020-11-10 10:30:30+02,GOOD :),0,0,0
81,44,2020-11-10 10:30:30+02,GOOD :),0,0,0
63,44,2020-11-10 10:30:30+02,GOOD :),0,0,0
43,44,2020-11-10 10:30:30+02,GOOD :),0,0,0
66,44,2020-11-10 10:30:30+02,GOOD :),0,0,0
68,44,2020-11-10 10:30:30+02,GOOD :),0,0,0
20,44,2020-11-10 10:30:30+02,GOOD :),0,0,0
32,44,2020-11-10 10:30:30+02,GOOD :),0,0,0
95,44,2020-11-10 10:30:30+02,GOOD :),0,0,0
18,45,2020-11-10 10:30:30+02,GOOD :),0,0,0
68,45,2020-11-10 10:30:30+02,GOOD :),0,0,0
31,45,2020-11-10 10:30:30+02,GOOD :),0,0,0
59,45,2020-11-10 10:30:30+02,GOOD :),0,0,0
94,45,2020-11-10 10:30:30+02,GOOD :),0,0,0
28,45,2020-11-10 10:30:30+02,GOOD :),0,0,0
45,45,2020-11-10 10:30:30+02,GOOD :),0,0,0
92,45,2020-11-10 10:30:30+02,GOOD :),0,0,0
95,45,2020-11-10 10:30:30+02,GOOD :),0,0,0
52,45,2020-11-10 10:30:30+02,GOOD :),0,0,0
95,46,2020-11-10 10:30:30+02,GOOD :),0,0,0
66,46,2020-11-10 10:30:30+02,GOOD :),0,0,0
57,46,2020-11-10 10:30:30+02,GOOD :),0,0,0
21,46,2020-11-10 10:30:30+02,GOOD :),0,0,0
81,46,2020-11-10 10:30:30+02,GOOD :),0,0,0
9,46,2020-11-10 10:30:30+02,GOOD :),0,0,0
91,46,2020-11-10 10:30:30+02,GOOD :),0,0,0
40,46,2020-11-10 10:30:30+02,GOOD :),0,0,0
93,46,2020-11-10 10:30:30+02,GOOD :),0,0,0
70,46,2020-11-10 10:30:30+02,GOOD :),0,0,0
67,47,2020-11-10 10:30:30+02,GOOD :),0,0,0
51,47,2020-11-10 10:30:30+02,GOOD :),0,0,0
11,47,2020-11-10 10:30:30+02,GOOD :),0,0,0
91,47,2020-11-10 10:30:30+02,GOOD :),0,0,0
64,47,2020-11-10 10:30:30+02,GOOD :),0,0,0
99,47,2020-11-10 10:30:30+02,GOOD :),0,0,0
58,47,2020-11-10 10:30:30+02,GOOD :),0,0,0
68,47,2020-11-10 10:30:30+02,GOOD :),0,0,0
44,47,2020-11-10 10:30:30+02,GOOD :),0,0,0
3,47,2020-11-10 10:30:30+02,GOOD :),0,0,0
28,48,2020-11-10 10:30:30+02,GOOD :),0,0,0
88,48,2020-11-10 10:30:30+02,GOOD :),0,0,0
41,48,2020-11-10 10:30:30+02,GOOD :),0,0,0
57,48,2020-11-10 10:30:30+02,GOOD :),0,0,0
39,48,2020-11-10 10:30:30+02,GOOD :),0,0,0
68,48,2020-11-10 10:30:30+02,GOOD :),0,0,0
84,48,2020-11-10 10:30:30+02,GOOD :),0,0,0
65,48,2020-11-10 10:30:30+02,GOOD :),0,0,0
60,48,2020-11-10 10:30:30+02,GOOD :),0,0,0
56,48,2020-11-10 10:30:30+02,GOOD :),0,0,0
44,49,2020-11-10 10:30:30+02,GOOD :),0,0,0
72,49,2020-11-10 10:30:30+02,GOOD :),0,0,0
78,49,2020-11-10 10:30:30+02,GOOD :),0,0,0
69,49,2020-11-10 10:30:30+02,GOOD :),0,0,0
62,49,2020-11-10 10:30:30+02,GOOD :),0,0,0
22,49,2020-11-10 10:30:30+02,GOOD :),0,0,0
20,49,2020-11-10 10:30:30+02,GOOD :),0,0,0
16,49,2020-11-10 10:30:30+02,GOOD :),0,0,0
56,49,2020-11-10 10:30:30+02,GOOD :),0,0,0
96,49,2020-11-10 10:30:30+02,GOOD :),0,0,0
